Transaction Hash,Status,Method,Blockno,DateTime (UTC+6.5),From,From_Nametag,To,To_Nametag,Amount,Value (USD),Txn Fee
"0xaf6d241b7e60294cee9371dc8da2a46af94199283231a2c409da9336545fcedb","Success","Approve","22505407","2025-05-18 03:23:59","0xe334a8badc86f7e5bcdbd5a598b0f258958c8e3a","","0x3073f7aAA4DB83f95e9FFf17424F71D4751a3073","Movement: MOVE Token","0 ETH","$0.00","0.00002165"
"0x3cb1decc77ea08eeeabebbd91d90f923b9c128570493077bc0dc940ab1e9bde0","Success","Approve","22505378","2025-05-18 03:18:11","0xf63cbed2bd2f45ac5f35e0e4553f1b74a5b45f03","","0x3073f7aAA4DB83f95e9FFf17424F71D4751a3073","Movement: MOVE Token","0 ETH","$0.00","0.00002554"
"0xa83af9a6de13f9a809bf8ffef8db12e83ce309daadc3d23d52278d6d5faab59d","Success","Approve","22505365","2025-05-18 03:15:35","0x0073ea7fa01ca291c59f3b85b1a9a1ae9c697802","","0x3073f7aAA4DB83f95e9FFf17424F71D4751a3073","Movement: MOVE Token","0 ETH","$0.00","0.0000241"
"0x86fdf40ec7273d7204fb3f88c8362d5563ad88893bfbb1b64a417463e1b7b390","Success","Approve","22505352","2025-05-18 03:12:59","0xf7b49deecc59261104baedaeb8fd5593da2f5f05","","0x3073f7aAA4DB83f95e9FFf17424F71D4751a3073","Movement: MOVE Token","0 ETH","$0.00","0.00002224"
"0x579ee10078d6365153751b5ecc7d6cc27b24750cc1bddd54e0d374636b005226","Success","Permit","22505340","2025-05-18 03:10:35","0xbaa2162081fad8924eeb3e0e9d642fa8f392fff4","galaxialaidepc.eth","0x3073f7aAA4DB83f95e9FFf17424F71D4751a3073","Movement: MOVE Token","0 ETH","$0.00","0.00005913"
"0x47deb575e87f006223a33995be4d01875954b50ecda749453fdec59cb0f83d0d","Success","Approve","22505334","2025-05-18 03:09:23","0xf5eee77b52b4b197a1eef48000a33d050ac782ad","","0x3073f7aAA4DB83f95e9FFf17424F71D4751a3073","Movement: MOVE Token","0 ETH","$0.00","0.00002103"
"0xd054f63663bd52ee196b763efd7b6fcf4b0ccddaf3e40e43e2c546e31fc6c1c8","Success","Transfer","22505332","2025-05-18 03:08:59","0x88edc74780564055a042e62f1f2952a982762f61","","0x3073f7aAA4DB83f95e9FFf17424F71D4751a3073","Movement: MOVE Token","0 ETH","$0.00","0.00006933"
"0xc550b0e4e26d42509f2267c845ad5b783acc26e16095f0071b3378f6c4d45646","Success","Approve","22505321","2025-05-18 03:06:47","0x557196137a0a8d3cf2c7adb08b539e1ad0c4dc29","","0x3073f7aAA4DB83f95e9FFf17424F71D4751a3073","Movement: MOVE Token","0 ETH","$0.00","0.00002485"
"0x49c6eb92ad4391a8a89291a1d753c764972c237a7804ad26c9a0e59a71b70a6b","Success","Approve","22505308","2025-05-18 03:04:11","0xa6d9bad3adebc73bbde14e30e7557a9823c8e632","","0x3073f7aAA4DB83f95e9FFf17424F71D4751a3073","Movement: MOVE Token","0 ETH","$0.00","0.00002542"
"0x630517aa6b50692b99cab9bc832afe9698b93c1a4eb5815811050363066425a9","Success","Transfer","22505306","2025-05-18 03:03:47","0x5d60892e8582a6b46e795364d2de010ebfd22bec","","0x3073f7aAA4DB83f95e9FFf17424F71D4751a3073","Movement: MOVE Token","0 ETH","$0.00","0.00014052"
"0x854f78390f806b1708a756d2d3ee380997b8d2cfa3fa9922ea1fb6da9f80afb0","Success","Approve","22505295","2025-05-18 03:01:35","0xb2ca1caecd1d3e9bf84b9332cb4ab11961639a5c","","0x3073f7aAA4DB83f95e9FFf17424F71D4751a3073","Movement: MOVE Token","0 ETH","$0.00","0.00003283"
"0x5ca32f1d6fc927999a20bbef1cc5366773eb5a5f9b2a79c5fdb194159630c1c9","Success","Approve","22505283","2025-05-18 02:59:11","0x5f9c38b5241397b7bdbf9e3b6148b53e7674f6e7","","0x3073f7aAA4DB83f95e9FFf17424F71D4751a3073","Movement: MOVE Token","0 ETH","$0.00","0.00002254"
"0x02aa2d48cc8a0774babc688daca0d16636fc20814e7f483d1ae2259011873dc0","Success","Approve","22505268","2025-05-18 02:56:11","0x6824b97955ead1294a9c3320dab2639bdb2fae63","","0x3073f7aAA4DB83f95e9FFf17424F71D4751a3073","Movement: MOVE Token","0 ETH","$0.00","0.00002819"
"0x67279e63247121c2c5e9a1b9b4717b7647c34faf890dcc44663d1875ee823824","Success","Transfer","22505252","2025-05-18 02:52:59","0xc17a40852e4bfe04bc81af355fdf132c539ba753","Binance Dep: 0xC17A40852E4BfE04Bc81Af355Fdf132C539bA753","0x3073f7aAA4DB83f95e9FFf17424F71D4751a3073","Movement: MOVE Token","0 ETH","$0.00","0.00006931"
"0xdc46db45edd7a3f6413c86783350d67a875d395a3761eae93c1dbd3f8a40b94d","Success","Approve","22505247","2025-05-18 02:51:59","0xcbb31f114201ec6f59986e42464e9cda60360fa4","","0x3073f7aAA4DB83f95e9FFf17424F71D4751a3073","Movement: MOVE Token","0 ETH","$0.00","0.00002267"
"0xe3ba52e6ae7b505d6772689d227477898f23aa934bcfd999877d8579642c2d32","Success","Approve","22505232","2025-05-18 02:48:59","0x0a2cb00ef2f1a5ed883b414c7dd3acdd2c07da72","","0x3073f7aAA4DB83f95e9FFf17424F71D4751a3073","Movement: MOVE Token","0 ETH","$0.00","0.00002793"
"0x9b35db96ae8d46238a5e0664c09167a3510300999299c8c2331c4b3ae9e61b81","Success","Approve","22505232","2025-05-18 02:48:59","0x0d2da68a5d11da8e98ab3f332ab9b9dd861d0151","","0x3073f7aAA4DB83f95e9FFf17424F71D4751a3073","Movement: MOVE Token","0 ETH","$0.00","0.00002389"
"0x87577971fac8da9a08e44e1e648f4542c6761723af3f02a0ae51173647fa2721","Success","Approve","22505219","2025-05-18 02:46:23","0x39c5f6b89360f2f9ca314d728e000c86835b8f23","","0x3073f7aAA4DB83f95e9FFf17424F71D4751a3073","Movement: MOVE Token","0 ETH","$0.00","0.00002983"
"0x4633b562f9b56e85e4531ffb4fc62c7e78c3932bd51475fac33b6976ccd0afee","Success","Transfer","22505205","2025-05-18 02:43:23","0xbf90664017218ac7d9db5ae0c84873628e9ae1ae","","0x3073f7aAA4DB83f95e9FFf17424F71D4751a3073","Movement: MOVE Token","0 ETH","$0.00","0.00009987"
"0xefaaa127faa927d75d9c4338d3951902d6d294191329121c4637729727a77864","Success","Transfer From","22505202","2025-05-18 02:42:47","0x5d60892e8582a6b46e795364d2de010ebfd22bec","","0x3073f7aAA4DB83f95e9FFf17424F71D4751a3073","Movement: MOVE Token","0 ETH","$0.00","0.00009808"
"0xfff739e97daffeeb5502faa2bb60061f1188467d96ba2fd38bd8ace80ce88523","Success","Approve","22505186","2025-05-18 02:39:35","0xcdbbfb41d06bd0f9242d7233b58bda825f2e11eb","","0x3073f7aAA4DB83f95e9FFf17424F71D4751a3073","Movement: MOVE Token","0 ETH","$0.00","0.00002661"
"0x78b06dbe7603aaec31104a989c539411ff712bda528f3319a18749a09e396cb2","Success","Approve","22505175","2025-05-18 02:37:23","0x3bf9e6de4ccf9fc804a531685fe411f2b3d14a10","","0x3073f7aAA4DB83f95e9FFf17424F71D4751a3073","Movement: MOVE Token","0 ETH","$0.00","0.00012966"
"0xe56aa895a45b8a6d0aa1b672f0f0e5e49c2d37a1d7929059f36f583152f60033","Success","Approve","22505172","2025-05-18 02:36:47","0x8f889b816b9ee88b7ef241ac85afd0ecf15b319d","","0x3073f7aAA4DB83f95e9FFf17424F71D4751a3073","Movement: MOVE Token","0 ETH","$0.00","0.00002771"
"0xe820cfc0db114776b7dd860d269481059a02a015d0cb29478d7462ce3f995020","Success","Approve","22505164","2025-05-18 02:35:11","0x50726b1da756ca4ee1f26a7704d87a3fb962914b","","0x3073f7aAA4DB83f95e9FFf17424F71D4751a3073","Movement: MOVE Token","0 ETH","$0.00","0.0000252"
"0x3f5d043e400bfc793fba32f88598526e9faed23de546032415348d3e5f496508","Success","Approve","22505156","2025-05-18 02:33:35","0x51701077c71c744f9726449f93aa8bb878133e25","","0x3073f7aAA4DB83f95e9FFf17424F71D4751a3073","Movement: MOVE Token","0 ETH","$0.00","0.00002728"