[
    {
        "name": "OwnershipTransferred",
        "type": "event",
        "inputs": [
            {
                "name": "previousOwner",
                "type": "address",
                "indexed": true,
                "internalType": "address"
            },
            {
                "name": "newOwner",
                "type": "address",
                "indexed": true,
                "internalType": "address"
            }
        ],
        "anonymous": false
    },
    {
        "name": "Trade",
        "type": "event",
        "inputs": [
            {
                "name": "trader",
                "type": "address",
                "indexed": false,
                "internalType": "address"
            },
            {
                "name": "subject",
                "type": "address",
                "indexed": false,
                "internalType": "address"
            },
            {
                "name": "isBuy",
                "type": "bool",
                "indexed": false,
                "internalType": "bool"
            },
            {
                "name": "shareAmount",
                "type": "uint256",
                "indexed": false,
                "internalType": "uint256"
            },
            {
                "name": "ethAmount",
                "type": "uint256",
                "indexed": false,
                "internalType": "uint256"
            },
            {
                "name": "protocolEthAmount",
                "type": "uint256",
                "indexed": false,
                "internalType": "uint256"
            },
            {
                "name": "subjectEthAmount",
                "type": "uint256",
                "indexed": false,
                "internalType": "uint256"
            },
            {
                "name": "supply",
                "type": "uint256",
                "indexed": false,
                "internalType": "uint256"
            }
        ],
        "anonymous": false
    },
    {
        "name": "buyShares",
        "type": "function",
        "inputs": [
            {
                "name": "sharesSubject",
                "type": "address",
                "internalType": "address"
            },
            {
                "name": "amount",
                "type": "uint256",
                "internalType": "uint256"
            }
        ],
        "outputs": [],
        "stateMutability": "payable"
    },
    {
        "name": "getBuyPrice",
        "type": "function",
        "inputs": [
            {
                "name": "sharesSubject",
                "type": "address",
                "internalType": "address"
            },
            {
                "name": "amount",
                "type": "uint256",
                "internalType": "uint256"
            }
        ],
        "outputs": [
            {
                "name": "",
                "type": "uint256",
                "internalType": "uint256"
            }
        ],
        "stateMutability": "view"
    },
    {
        "name": "getBuyPriceAfterFee",
        "type": "function",
        "inputs": [
            {
                "name": "sharesSubject",
                "type": "address",
                "internalType": "address"
            },
            {
                "name": "amount",
                "type": "uint256",
                "internalType": "uint256"
            }
        ],
        "outputs": [
            {
                "name": "",
                "type": "uint256",
                "internalType": "uint256"
            }
        ],
        "stateMutability": "view"
    },
    {
        "name": "getPrice",
        "type": "function",
        "inputs": [
            {
                "name": "supply",
                "type": "uint256",
                "internalType": "uint256"
            },
            {
                "name": "amount",
                "type": "uint256",
                "internalType": "uint256"
            }
        ],
        "outputs": [
            {
                "name": "",
                "type": "uint256",
                "internalType": "uint256"
            }
        ],
        "stateMutability": "pure"
    },
    {
        "name": "getSellPrice",
        "type": "function",
        "inputs": [
            {
                "name": "sharesSubject",
                "type": "address",
                "internalType": "address"
            },
            {
                "name": "amount",
                "type": "uint256",
                "internalType": "uint256"
            }
        ],
        "outputs": [
            {
                "name": "",
                "type": "uint256",
                "internalType": "uint256"
            }
        ],
        "stateMutability": "view"
    },
    {
        "name": "getSellPriceAfterFee",
        "type": "function",
        "inputs": [
            {
                "name": "sharesSubject",
                "type": "address",
                "internalType": "address"
            },
            {
                "name": "amount",
                "type": "uint256",
                "internalType": "uint256"
            }
        ],
        "outputs": [
            {
                "name": "",
                "type": "uint256",
                "internalType": "uint256"
            }
        ],
        "stateMutability": "view"
    },
    {
        "name": "owner",
        "type": "function",
        "inputs": [],
        "outputs": [
            {
                "name": "",
                "type": "address",
                "internalType": "address"
            }
        ],
        "stateMutability": "view"
    },
    {
        "name": "protocolFeeDestination",
        "type": "function",
        "inputs": [],
        "outputs": [
            {
                "name": "",
                "type": "address",
                "internalType": "address"
            }
        ],
        "stateMutability": "view"
    },
    {
        "name": "protocolFeePercent",
        "type": "function",
        "inputs": [],
        "outputs": [
            {
                "name": "",
                "type": "uint256",
                "internalType": "uint256"
            }
        ],
        "stateMutability": "view"
    },
    {
        "name": "renounceOwnership",
        "type": "function",
        "inputs": [],
        "outputs": [],
        "stateMutability": "nonpayable"
    },
    {
        "name": "sellShares",
        "type": "function",
        "inputs": [
            {
                "name": "sharesSubject",
                "type": "address",
                "internalType": "address"
            },
            {
                "name": "amount",
                "type": "uint256",
                "internalType": "uint256"
            }
        ],
        "outputs": [],
        "stateMutability": "payable"
    },
    {
        "name": "setFeeDestination",
        "type": "function",
        "inputs": [
            {
                "name": "_feeDestination",
                "type": "address",
                "internalType": "address"
            }
        ],
        "outputs": [],
        "stateMutability": "nonpayable"
    },
    {
        "name": "setProtocolFeePercent",
        "type": "function",
        "inputs": [
            {
                "name": "_feePercent",
                "type": "uint256",
                "internalType": "uint256"
            }
        ],
        "outputs": [],
        "stateMutability": "nonpayable"
    },
    {
        "name": "setSubjectFeePercent",
        "type": "function",
        "inputs": [
            {
                "name": "_feePercent",
                "type": "uint256",
                "internalType": "uint256"
            }
        ],
        "outputs": [],
        "stateMutability": "nonpayable"
    },
    {
        "name": "sharesBalance",
        "type": "function",
        "inputs": [
            {
                "name": "",
                "type": "address",
                "internalType": "address"
            },
            {
                "name": "",
                "type": "address",
                "internalType": "address"
            }
        ],
        "outputs": [
            {
                "name": "",
                "type": "uint256",
                "internalType": "uint256"
            }
        ],
        "stateMutability": "view"
    },
    {
        "name": "sharesSupply",
        "type": "function",
        "inputs": [
            {
                "name": "",
                "type": "address",
                "internalType": "address"
            }
        ],
        "outputs": [
            {
                "name": "",
                "type": "uint256",
                "internalType": "uint256"
            }
        ],
        "stateMutability": "view"
    },
    {
        "name": "subjectFeePercent",
        "type": "function",
        "inputs": [],
        "outputs": [
            {
                "name": "",
                "type": "uint256",
                "internalType": "uint256"
            }
        ],
        "stateMutability": "view"
    },
    {
        "name": "transferOwnership",
        "type": "function",
        "inputs": [
            {
                "name": "newOwner",
                "type": "address",
                "internalType": "address"
            }
        ],
        "outputs": [],
        "stateMutability": "nonpayable"
    }
]